frame,layout_fibers,paint_fibers,paint_replayed,prepaint_fibers,prepaint_replayed,mutated_segments,total_segments,hitboxes,hitboxes_rebuilt,upload_bytes,quads,mono_sprites,poly_sprites,reconcile_us,layout_us,prepaint_us,paint_us,total_us
0,0,0,0,0,0,0,0,0,false,0,0,0,0,0,0,0,0,0
1,5546,2180,0,2180,0,2180,2180,1056,true,218992,363,970,0,4329,28877,790,4139,38279
2,47,5,5,5,5,2180,2180,1056,true,219104,363,971,0,231,895,18,181,1381
3,47,761,33,2180,0,2180,2180,1056,true,219104,363,971,0,1833,681,575,807,3951
4,47,5,5,5,5,2180,2180,1056,true,219104,363,971,0,183,477,9,105,822
5,47,5,5,5,5,5,2180,1056,false,219104,363,971,0,173,503,9,71,809
6,47,5,5,5,5,5,2180,1056,false,219104,363,971,0,224,596,10,89,969
7,47,5,5,5,5,5,2180,1056,false,219104,363,971,0,204,710,11,59,1039
8,47,5,5,5,5,5,2180,1056,false,219104,363,971,0,161,461,8,113,796
9,47,5,5,5,5,5,2180,1056,false,219104,363,971,0,145,375,6,61,635
10,47,5,5,5,5,5,2180,1056,false,219104,363,971,0,170,403,12,63,705
11,47,5,5,5,5,5,2180,1056,false,219104,363,971,0,149,426,8,43,678
12,47,5,5,5,5,5,2180,1056,false,219104,363,971,0,200,559,11,89,910
13,47,5,5,5,5,5,2180,1056,false,219104,363,971,0,157,422,6,44,680
14,47,5,5,5,5,5,2180,1056,false,219104,363,971,0,229,450,6,61,797
15,47,5,5,5,5,5,2180,1056,false,219104,363,971,0,181,519,10,17,780
16,47,5,5,5,5,5,2180,1056,false,219104,363,971,0,200,586,10,62,910
17,47,5,5,5,5,5,2180,1056,false,219104,363,971,0,179,713,11,69,1028
18,47,5,5,5,5,5,2180,1056,false,219104,363,971,0,160,526,10,16,763
19,47,5,5,5,5,5,2180,1056,false,219104,363,971,0,150,457,8,86,754
20,47,5,5,5,5,5,2180,1056,false,219104,363,971,0,162,476,8,66,761
21,47,5,5,5,5,5,2180,1056,false,219104,363,971,0,520,477,7,15,1071
22,47,5,5,5,5,5,2180,1056,false,219104,363,971,0,177,467,9,16,722
23,47,5,5,5,5,5,2180,1056,false,219104,363,971,0,181,535,9,98,877
24,47,5,5,5,5,5,2180,1056,false,219104,363,971,0,186,517,8,15,778
25,47,5,5,5,5,5,2180,1056,false,219104,363,971,0,140,468,7,66,735
26,47,5,5,5,5,5,2180,1056,false,219104,363,971,0,194,583,11,18,860
27,47,5,5,5,5,5,2180,1056,false,219104,363,971,0,192,636,10,60,952
28,47,5,5,5,5,5,2180,1056,false,219104,363,971,0,170,557,11,18,811
29,47,5,5,5,5,5,2180,1056,false,219104,363,971,0,175,591,10,17,847
30,47,5,5,5,5,5,2180,1056,false,219104,363,971,0,192,614,9,17,882
31,47,5,5,5,5,5,2180,1056,false,219104,363,971,0,199,738,13,20,1025
32,47,5,5,5,5,5,2180,1056,false,219104,363,971,0,176,567,10,78,886
33,47,5,5,5,5,5,2180,1056,false,219104,363,971,0,155,473,8,15,702
34,47,5,5,5,5,5,2180,1056,false,219104,363,971,0,161,416,8,13,648
35,47,5,5,5,5,5,2180,1056,false,219104,363,971,0,156,386,6,12,614
36,47,5,5,5,5,5,2180,1056,false,219104,363,971,0,143,382,5,12,593
37,47,5,5,5,5,5,2180,1056,false,219104,363,971,0,164,470,6,14,704
38,47,5,5,5,5,5,2180,1056,false,219104,363,971,0,170,393,7,12,637
39,47,5,5,5,5,5,2180,1056,false,219104,363,971,0,150,375,6,12,592
40,47,5,5,5,5,5,2180,1056,false,219104,363,971,0,174,490,7,15,738
41,47,5,5,5,5,5,2180,1056,false,219104,363,971,0,170,494,7,15,739
42,47,5,5,5,5,5,2180,1056,false,219104,363,971,0,168,401,6,13,641
43,47,5,5,5,5,5,2180,1056,false,219104,363,971,0,203,483,7,15,759
44,47,5,5,5,5,5,2180,1056,false,219104,363,971,0,166,498,7,15,739
45,47,5,5,5,5,5,2180,1056,false,219216,363,972,0,185,511,7,16,771
46,47,5,5,5,5,5,2180,1056,false,219216,363,972,0,193,471,8,15,739
47,47,5,5,5,5,5,2180,1056,false,219216,363,972,0,200,490,8,15,771
48,47,5,5,5,5,5,2180,1056,false,219216,363,972,0,175,443,7,74,749
49,47,5,5,5,5,5,2180,1056,false,219216,363,972,0,187,443,6,13,698
50,47,5,5,5,5,5,2180,1056,false,219216,363,972,0,163,430,7,13,662
51,47,5,5,5,5,5,2180,1056,false,219216,363,972,0,172,462,7,14,706
52,47,5,5,5,5,5,2180,1056,false,219216,363,972,0,179,450,7,13,700
53,47,5,5,5,5,5,2180,1056,false,219216,363,972,0,195,489,7,14,756
54,47,5,5,5,5,5,2180,1056,false,219216,363,972,0,173,456,7,14,702
55,47,5,5,5,5,5,2180,1056,false,219216,363,972,0,176,382,6,12,623
56,47,5,5,5,5,5,2180,1056,false,219216,363,972,0,195,605,10,19,882
57,47,5,5,5,5,5,2180,1056,false,219216,363,972,0,207,697,10,18,984
58,47,5,5,5,5,5,2180,1056,false,219216,363,972,0,151,426,7,13,649
59,47,5,5,5,5,5,2180,1056,false,219216,363,972,0,211,505,7,13,788
60,47,5,5,5,5,5,2180,1056,false,219216,363,972,0,169,490,8,15,736
61,47,5,5,5,5,5,2180,1056,false,219216,363,972,0,158,469,7,14,700
62,47,5,5,5,5,5,2180,1056,false,219216,363,972,0,173,493,8,14,739
63,47,5,5,5,5,5,2180,1056,false,219216,363,972,0,160,524,9,17,763
64,47,5,5,5,5,5,2180,1056,false,219216,363,972,0,178,402,7,13,650
65,47,5,5,5,5,5,2180,1056,false,219216,363,972,0,164,401,6,12,631
66,47,5,5,5,5,5,2180,1056,false,219216,363,972,0,149,405,6,13,623
67,0,5,5,5,5,5,2180,1056,false,219216,363,972,0,149,0,6,11,170
68,0,5,5,5,5,5,2180,1056,false,219216,363,972,0,145,0,6,11,167
69,0,5,5,5,5,5,2180,1056,false,219216,363,972,0,125,0,6,17,152
70,0,5,5,5,5,5,2180,1056,false,219216,363,972,0,125,0,5,10,144
71,0,5,5,5,5,5,2180,1056,false,219216,363,972,0,127,0,5,11,146
72,0,5,5,5,5,5,2180,1056,false,219216,363,972,0,140,0,4,10,157
73,0,5,5,5,5,5,2180,1056,false,219216,363,972,0,122,0,4,9,139
74,47,5,5,5,5,5,2180,1056,false,219216,363,972,0,148,823,5,13,1044
75,47,5,5,5,5,5,2180,1056,false,219216,363,972,0,131,424,5,12,623
76,47,5,5,5,5,5,2180,1056,false,219216,363,972,0,144,365,5,11,575
77,47,5,5,5,5,5,2180,1056,false,219216,363,972,0,144,385,5,12,596
78,47,5,5,5,5,5,2180,1056,false,219216,363,972,0,151,412,6,12,633
79,47,5,5,5,5,5,2180,1056,false,219216,363,972,0,127,299,4,10,488
80,47,5,5,5,5,5,2180,1056,false,219216,363,972,0,133,324,4,11,520
81,47,5,5,5,5,5,2180,1056,false,219216,363,972,0,123,290,4,9,474
82,47,5,5,5,5,5,2180,1056,false,219216,363,972,0,158,370,4,10,590
83,47,5,5,5,5,5,2180,1056,false,219216,363,972,0,128,352,4,10,541
84,47,5,5,5,5,5,2180,1056,false,219216,363,972,0,132,396,4,11,592
85,47,5,5,5,5,5,2180,1056,false,219216,363,972,0,150,380,5,13,598
86,47,5,5,5,5,5,2180,1056,false,219216,363,972,0,150,420,5,11,638
87,47,5,5,5,5,5,2180,1056,false,219216,363,972,0,142,447,5,12,661
88,47,5,5,5,5,5,2180,1056,false,219216,363,972,0,144,309,4,11,517
89,47,5,5,5,5,5,2180,1056,false,219216,363,972,0,121,301,3,8,480
90,47,5,5,5,5,5,2180,1056,false,219216,363,972,0,128,352,4,10,544
91,47,5,5,5,5,5,2180,1056,false,219216,363,972,0,168,446,7,14,686
92,47,5,5,5,5,5,2180,1056,false,219216,363,972,0,217,633,9,18,932
93,47,5,5,5,5,5,2180,1056,false,219216,363,972,0,154,411,6,13,636
94,0,5,5,5,5,5,2180,1056,false,219216,363,972,0,152,0,6,33,195
95,47,5,5,5,5,5,2180,1056,false,219216,363,972,0,123,458,5,12,650
96,47,5,5,5,5,5,2180,1056,false,219216,363,972,0,189,466,7,15,744
97,47,5,5,5,5,5,2180,1056,false,219216,363,972,0,151,357,5,13,588
98,47,5,5,5,5,5,2180,1056,false,219216,363,972,0,151,398,5,12,632
99,47,5,5,5,5,5,2180,1056,false,219216,363,972,0,176,463,6,12,734
100,0,5,5,5,5,5,2180,1056,false,219216,363,972,0,142,0,5,11,162
101,47,5,5,5,5,5,2180,1056,false,219216,363,972,0,145,431,4,11,650
102,47,5,5,5,5,5,2180,1056,false,219216,363,972,0,161,399,4,10,640
103,47,5,5,5,5,5,2180,1056,false,219216,363,972,0,145,348,3,9,565
104,47,5,5,5,5,5,2180,1056,false,219216,363,972,0,170,395,7,13,651
105,47,5,5,5,5,5,2180,1056,false,219216,363,972,0,158,380,5,11,621
106,47,5,5,5,5,5,2180,1056,false,219216,363,972,0,150,402,5,13,634
107,47,5,5,5,5,5,2180,1056,false,219216,363,972,0,154,385,25,12,662
108,47,5,5,5,5,5,2180,1056,false,219216,363,972,0,140,333,4,10,546
109,47,5,5,5,5,5,2180,1056,false,219216,363,972,0,143,345,4,10,566
110,47,5,5,5,5,5,2180,1056,false,219216,363,972,0,149,372,4,10,599
111,47,5,5,5,5,5,2180,1056,false,219216,363,972,0,172,473,6,13,726
112,47,5,5,5,5,5,2180,1056,false,219216,363,972,0,155,341,5,11,571
113,47,5,5,5,5,5,2180,1056,false,219216,363,972,0,146,368,5,11,586
114,47,5,5,5,5,5,2180,1056,false,219216,363,972,0,134,348,4,9,561
115,47,5,5,5,5,5,2180,1056,false,219216,363,972,0,131,320,4,9,522
116,47,5,5,5,5,5,2180,1056,false,219216,363,972,0,139,343,4,9,557
117,47,5,5,5,5,5,2180,1056,false,219216,363,972,0,155,438,4,11,670
118,47,5,5,5,5,5,2180,1056,false,219216,363,972,0,161,347,4,10,581
119,47,5,5,5,5,5,2180,1056,false,219216,363,972,0,142,344,4,10,578
120,47,5,5,5,5,5,2180,1056,false,219216,363,972,0,153,356,5,11,586
121,47,5,5,5,5,5,2180,1056,false,219216,363,972,0,173,319,4,9,564
122,47,5,5,5,5,5,2180,1056,false,219216,363,972,0,255,349,4,10,681
123,47,5,5,5,5,5,2180,1056,false,219216,363,972,0,153,399,4,10,628
124,47,5,5,5,5,5,2180,1056,false,219216,363,972,0,144,351,4,9,570
125,0,5,5,5,5,5,2180,1056,false,219216,363,972,0,151,0,4,10,169
126,0,5,5,5,5,5,2180,1056,false,219216,363,972,0,149,0,4,9,166
127,0,5,5,5,5,5,2180,1056,false,219216,363,972,0,169,0,6,12,192
128,0,5,5,5,5,5,2180,1056,false,219216,363,972,0,204,0,7,14,230
129,47,5,5,5,5,5,2180,1056,false,219216,363,972,0,168,792,6,13,1048
130,47,5,5,5,5,5,2180,1056,false,219216,363,972,0,185,441,6,13,707
131,47,5,5,5,5,5,2180,1056,false,219216,363,972,0,156,391,5,11,624
132,0,5,5,5,5,5,2180,1056,false,219216,363,972,0,173,0,5,12,194
133,0,5,5,5,5,5,2180,1056,false,219216,363,972,0,150,0,5,11,170
134,0,5,5,5,5,5,2180,1056,false,219216,363,972,0,149,0,4,10,167
135,47,5,5,5,5,5,2180,1056,false,219216,363,972,0,165,730,7,14,974
136,47,5,5,5,5,5,2180,1056,false,219216,363,972,0,146,438,5,11,653
137,47,5,5,5,5,5,2180,1056,false,219216,363,972,0,153,403,5,11,621
138,0,5,5,5,5,5,2180,1056,false,219216,363,972,0,148,0,4,9,164
139,0,5,5,5,5,5,2180,1056,false,219216,363,972,0,118,0,4,9,134
140,47,5,5,5,5,5,2180,1056,false,219216,363,972,0,138,535,5,11,740
141,47,5,5,5,5,5,2180,1056,false,219216,363,972,0,140,357,5,12,566
142,47,5,5,5,5,5,2180,1056,false,219216,363,972,0,151,387,6,12,607
143,47,5,5,5,5,5,2180,1056,false,219216,363,972,0,153,418,5,11,635
144,0,5,5,5,5,5,2180,1056,false,219216,363,972,0,156,0,4,10,175
145,0,5,5,5,5,5,2180,1056,false,219216,363,972,0,121,0,3,9,137
146,0,5,5,5,5,5,2180,1056,false,219216,363,972,0,125,0,3,8,139
147,0,5,5,5,5,5,2180,1056,false,219216,363,972,0,116,0,3,9,132
148,0,5,5,5,5,5,2180,1056,false,219216,363,972,0,149,0,5,11,169
149,0,5,5,5,5,5,2180,1056,false,219216,363,972,0,130,0,5,10,149
150,47,5,5,5,5,5,2180,1056,false,219216,363,972,0,131,839,5,19,1053
151,47,5,5,5,5,5,2180,1056,false,219216,363,972,0,122,376,4,11,565
152,47,5,5,5,5,5,2180,1056,false,219216,363,972,0,135,363,5,12,568
153,0,5,5,5,5,5,2180,1056,false,219216,363,972,0,127,0,5,9,144
154,47,5,5,5,5,5,2180,1056,false,219216,363,972,0,160,474,6,12,719
155,47,5,5,5,5,5,2180,1056,false,219216,363,972,0,163,395,5,11,647
156,47,5,5,5,5,5,2180,1056,false,219216,363,972,0,151,357,4,10,587
157,0,5,5,5,5,5,2180,1056,false,219216,363,972,0,174,0,6,13,198
158,0,5,5,5,5,5,2180,1056,false,219216,363,972,0,166,0,5,12,187
159,0,5,5,5,5,5,2180,1056,false,219216,363,972,0,185,0,7,13,209
160,0,5,5,5,5,5,2180,1056,false,219216,363,972,0,163,0,6,12,186
161,0,5,5,5,5,5,2180,1056,false,219216,363,972,0,153,0,6,12,175
162,0,5,5,5,5,5,2180,1056,false,219216,363,972,0,174,0,6,13,197
163,47,5,5,5,5,5,2180,1056,false,219216,363,972,0,173,869,7,15,1123
164,47,5,5,5,5,5,2180,1056,false,219216,363,972,0,177,497,6,14,749
165,47,5,5,5,5,5,2180,1056,false,219216,363,972,0,169,500,6,12,739
166,0,5,5,5,5,5,2180,1056,false,219216,363,972,0,172,0,7,12,195
167,47,5,5,5,5,5,2180,1056,false,219216,363,972,0,158,656,6,13,892
168,47,5,5,5,5,5,2180,1056,false,219216,363,972,0,150,459,6,12,677
169,47,5,5,5,5,5,2180,1056,false,219216,363,972,0,162,421,7,15,655
170,47,5,5,5,5,5,2180,1056,false,219216,363,972,0,149,453,5,11,669
171,0,5,5,5,5,5,2180,1056,false,219216,363,972,0,161,0,6,12,182
172,0,5,5,5,5,5,2180,1056,false,219216,363,972,0,140,0,5,10,159
173,0,5,5,5,5,5,2180,1056,false,219216,363,972,0,150,0,7,11,172
174,0,5,5,5,5,5,2180,1056,false,219216,363,972,0,127,0,3,9,143
175,0,5,5,5,5,5,2180,1056,false,219216,363,972,0,136,0,7,13,159
176,0,5,5,5,5,5,2180,1056,false,219216,363,972,0,140,0,6,11,161
177,0,5,5,5,5,5,2180,1056,false,219216,363,972,0,156,0,6,11,176
178,0,5,5,5,5,5,2180,1056,false,219216,363,972,0,137,0,3,8,153
179,47,5,5,5,5,5,2180,1056,false,219216,363,972,0,149,830,6,13,1052
180,47,5,5,5,5,5,2180,1056,false,219216,363,972,0,141,441,5,12,653
181,47,5,5,5,5,5,2180,1056,false,219216,363,972,0,155,415,6,12,637
182,47,5,5,5,5,5,2180,1056,false,219216,363,972,0,136,346,5,10,546
183,0,5,5,5,5,5,2180,1056,false,219216,363,972,0,215,0,5,12,236
184,0,5,5,5,5,5,2180,1056,false,219216,363,972,0,146,0,5,11,166
185,0,5,5,5,5,5,2180,1056,false,219216,363,972,0,158,0,6,18,186
186,0,5,5,5,5,5,2180,1056,false,219216,363,972,0,152,0,6,11,173
187,47,5,5,5,5,5,2180,1056,false,219216,363,972,0,177,827,8,16,1082
188,47,5,5,5,5,5,2180,1056,false,219216,363,972,0,157,530,7,14,760
189,47,5,5,5,5,5,2180,1056,false,219216,363,972,0,151,414,5,11,631
190,47,5,5,5,5,5,2180,1056,false,219216,363,972,0,145,431,5,11,640
191,0,5,5,5,5,5,2180,1056,false,219216,363,972,0,129,0,3,9,145
192,0,5,5,5,5,5,2180,1056,false,219216,363,972,0,118,0,3,8,133
193,0,5,5,5,5,5,2180,1056,false,219216,363,972,0,146,0,3,8,161
194,0,5,5,5,5,5,2180,1056,false,219216,363,972,0,146,0,6,12,167
195,47,5,5,5,5,5,2180,1056,false,219216,363,972,0,157,718,6,12,945
196,47,5,5,5,5,5,2180,1056,false,219216,363,972,0,125,372,4,10,562
197,47,5,5,5,5,5,2180,1056,false,219216,363,972,0,156,445,5,12,670
198,0,5,5,5,5,5,2180,1056,false,219216,363,972,0,143,0,4,10,161
199,47,5,5,5,5,5,2180,1056,false,219216,363,972,0,159,521,6,12,751
200,47,5,5,5,5,5,2180,1056,false,219216,363,972,0,147,359,5,11,583
201,47,5,5,5,5,5,2180,1056,false,219216,363,972,0,144,347,4,10,554
202,0,5,5,5,5,5,2180,1056,false,219216,363,972,0,136,0,3,8,152
203,0,5,5,5,5,5,2180,1056,false,219216,363,972,0,126,0,3,8,142
204,0,5,5,5,5,5,2180,1056,false,219216,363,972,0,153,0,6,11,174
205,0,5,5,5,5,5,2180,1056,false,219216,363,972,0,150,0,5,10,169
206,0,5,5,5,5,5,2180,1056,false,219216,363,972,0,120,0,3,8,135
207,0,5,5,5,5,5,2180,1056,false,219216,363,972,0,127,0,3,8,142
208,0,5,5,5,5,5,2180,1056,false,219216,363,972,0,125,0,4,9,141
209,47,5,5,5,5,5,2180,1056,false,219216,363,972,0,124,820,4,11,1013
210,47,5,5,5,5,5,2180,1056,false,219216,363,972,0,140,428,5,10,633
211,47,5,5,5,5,5,2180,1056,false,219216,363,972,0,144,407,4,10,616
212,47,5,5,5,5,5,2180,1056,false,219216,363,972,0,165,518,7,14,756
213,47,5,5,5,5,5,2180,1056,false,219216,363,972,0,147,395,5,11,608
214,47,5,5,5,5,5,2180,1056,false,219216,363,972,0,140,406,6,12,615
215,47,5,5,5,5,5,2180,1056,false,219216,363,972,0,145,371,5,12,584
216,47,5,5,5,5,5,2180,1056,false,219216,363,972,0,158,380,6,13,607
217,0,5,5,5,5,5,2180,1056,false,219216,363,972,0,204,0,7,14,229
218,0,5,5,5,5,5,2180,1056,false,219216,363,972,0,187,0,7,13,214
219,0,5,5,5,5,5,2180,1056,false,219216,363,972,0,171,0,6,12,192
220,0,5,5,5,5,5,2180,1056,false,219216,363,972,0,177,0,7,13,201
221,0,5,5,5,5,5,2180,1056,false,219216,363,972,0,174,0,5,11,195
222,47,5,5,5,5,5,2180,1056,false,219216,363,972,0,174,884,7,14,1144
223,47,5,5,5,5,5,2180,1056,false,219216,363,972,0,192,505,6,14,772
224,47,5,5,5,5,5,2180,1056,false,219216,363,972,0,156,446,6,12,673
225,0,5,5,5,5,5,2180,1056,false,219216,363,972,0,184,0,6,12,206
226,47,5,5,5,5,5,2180,1056,false,219216,363,972,0,160,558,7,14,791
227,47,5,5,5,5,5,2180,1056,false,219216,363,972,0,161,480,6,13,713
228,47,5,5,5,5,5,2180,1056,false,219216,363,972,0,182,493,7,16,747
229,0,5,5,5,5,5,2180,1056,false,219216,363,972,0,151,0,5,10,169
230,47,5,5,5,5,5,2180,1056,false,219216,363,972,0,151,463,6,15,685
231,47,5,5,5,5,5,2180,1056,false,219216,363,972,0,147,412,5,11,625
232,0,5,5,5,5,5,2180,1056,false,219216,363,972,0,159,0,4,11,177
233,0,5,5,5,5,5,2180,1056,false,219216,363,972,0,155,0,6,12,176
234,47,5,5,5,5,5,2180,1056,false,219216,363,972,0,166,752,7,13,991
235,0,5,5,5,5,5,2180,1056,false,219216,363,972,0,181,0,7,12,203
236,47,5,5,5,5,5,2180,1056,false,219216,363,972,0,174,519,6,12,763
237,47,5,5,5,5,5,2180,1056,false,219216,363,972,0,157,463,7,15,694
238,47,5,5,5,5,5,2180,1056,false,219216,363,972,0,183,542,8,15,802
239,0,5,5,5,5,5,2180,1056,false,219216,363,972,0,166,0,8,13,190
240,47,5,5,5,5,5,2180,1056,false,219216,363,972,0,154,565,7,13,792
241,47,5,5,5,5,5,2180,1056,false,219216,363,972,0,162,390,6,12,618
242,47,5,5,5,5,5,2180,1056,false,219216,363,972,0,166,421,5,12,690
243,47,5,5,5,5,5,2180,1056,false,219216,363,972,0,188,433,7,14,705
244,47,5,5,5,5,5,2180,1056,false,219216,363,972,0,192,468,7,14,741
245,47,5,5,5,5,5,2180,1056,false,219216,363,972,0,185,454,7,18,722
246,47,5,5,5,5,5,2180,1056,false,219216,363,972,0,195,387,6,17,663
247,47,5,5,5,5,5,2180,1056,false,219216,363,972,0,194,489,7,15,763
248,47,5,5,5,5,5,2180,1056,false,219216,363,972,0,175,447,7,14,703
249,47,5,5,5,5,5,2180,1056,false,219216,363,972,0,178,514,7,13,796
250,0,5,5,5,5,5,2180,1056,false,219216,363,972,0,159,0,6,12,180
251,0,5,5,5,5,5,2180,1056,false,219216,363,972,0,138,0,4,10,156
252,0,5,5,5,5,5,2180,1056,false,219216,363,972,0,147,0,5,11,168
253,0,5,5,5,5,5,2180,1056,false,219216,363,972,0,164,0,6,12,187
254,47,5,5,5,5,5,2180,1056,false,219216,363,972,0,131,885,4,10,1116
255,47,5,5,5,5,5,2180,1056,false,219216,363,972,0,166,442,6,12,689
256,47,5,5,5,5,5,2180,1056,false,219216,363,972,0,162,422,6,12,666
257,47,5,5,5,5,5,2180,1056,false,219216,363,972,0,146,408,5,12,631
258,47,5,5,5,5,5,2180,1056,false,219216,363,972,0,170,434,6,13,684
259,0,5,5,5,5,5,2180,1056,false,219216,363,972,0,150,0,4,10,168
260,0,5,5,5,5,5,2180,1056,false,219216,363,972,0,170,0,5,11,190
261,0,5,5,5,5,5,2180,1056,false,219216,363,972,0,150,0,5,12,172
262,0,5,5,5,5,5,2180,1056,false,219216,363,972,0,190,0,7,14,217
263,0,5,5,5,5,5,2180,1056,false,219216,363,972,0,133,0,4,9,150
264,0,5,5,5,5,5,2180,1056,false,219216,363,972,0,129,0,5,11,149
265,0,5,5,5,5,5,2180,1056,false,219216,363,972,0,148,0,5,11,168
266,0,5,5,5,5,5,2180,1056,false,219216,363,972,0,132,0,5,11,152
267,0,5,5,5,5,5,2180,1056,false,219216,363,972,0,140,0,4,10,158
268,47,5,5,5,5,5,2180,1056,false,219216,363,972,0,142,865,5,12,1087
269,47,5,5,5,5,5,2180,1056,false,219216,363,972,0,154,447,5,13,682
270,47,5,5,5,5,5,2180,1056,false,219216,363,972,0,133,383,4,11,589
271,47,5,5,5,5,5,2180,1056,false,219216,363,972,0,140,381,4,11,593
272,47,5,5,5,5,5,2180,1056,false,219216,363,972,0,137,391,12,21,620
273,47,5,5,5,5,5,2180,1056,false,219216,363,972,0,170,471,6,12,716
274,47,5,5,5,5,5,2180,1056,false,219216,363,972,0,146,344,4,11,560
275,47,5,5,5,5,5,2180,1056,false,219216,363,972,0,170,453,6,20,706
276,0,5,5,5,5,5,2180,1056,false,219216,363,972,0,145,0,6,11,166
277,47,5,5,5,5,5,2180,1056,false,219216,363,972,0,232,653,11,19,975
278,47,5,5,5,5,5,2180,1056,false,219216,363,972,0,166,853,7,14,1099
279,47,5,5,5,5,5,2180,1056,false,219216,363,972,0,156,420,6,11,650
280,47,5,5,5,5,5,2180,1056,false,219216,363,972,0,164,402,6,14,646
281,47,5,5,5,5,5,2180,1056,false,219216,363,972,0,200,538,8,16,822
282,47,5,5,5,5,5,2180,1056,false,219216,363,972,0,198,645,13,19,934
283,47,5,5,5,5,5,2180,1056,false,219216,363,972,0,193,672,9,17,948
284,0,5,5,5,5,5,2180,1056,false,219216,363,972,0,175,0,9,15,203
285,47,5,5,5,5,5,2180,1056,false,219216,363,972,0,168,614,8,15,858
286,47,5,5,5,5,5,2180,1056,false,219216,363,972,0,153,448,6,13,671
287,47,5,5,5,5,5,2180,1056,false,219216,363,972,0,204,539,8,15,815
288,0,5,5,5,5,5,2180,1056,false,219216,363,972,0,164,0,6,12,186
289,47,5,5,5,5,5,2180,1056,false,219216,363,972,0,146,529,6,13,746
290,47,5,5,5,5,5,2180,1056,false,219216,363,972,0,171,478,7,15,723
291,47,5,5,5,5,5,2180,1056,false,219216,363,972,0,148,363,5,12,577
292,47,5,5,5,5,5,2180,1056,false,219216,363,972,0,140,389,5,11,596
293,47,5,5,5,5,5,2180,1056,false,219216,363,972,0,178,463,8,14,712
294,47,5,5,5,5,5,2180,1056,false,219216,363,972,0,153,376,7,12,599
295,47,5,5,5,5,5,2180,1056,false,219216,363,972,0,160,423,6,12,650
296,47,5,5,5,5,5,2180,1056,false,219216,363,972,0,147,376,5,11,589
297,47,5,5,5,5,5,2180,1056,false,219216,363,972,0,165,434,6,11,666
298,0,5,5,5,5,5,2180,1056,false,219216,363,972,0,137,0,4,9,154
299,47,5,5,5,5,5,2180,1056,false,219216,363,972,0,148,448,5,12,663
300,47,5,5,5,5,5,2180,1056,false,219216,363,972,0,147,411,5,11,635
301,47,5,5,5,5,5,2180,1056,false,219216,363,972,0,191,412,5,12,670
302,47,5,5,5,5,5,2180,1056,false,219216,363,972,0,141,402,5,12,611
303,47,5,5,5,5,5,2180,1056,false,219216,363,972,0,167,534,9,16,779
304,47,5,5,5,5,5,2180,1056,false,219216,363,972,0,168,439,5,11,675
305,0,5,5,5,5,5,2180,1056,false,219216,363,972,0,177,0,8,13,202
306,0,5,5,5,5,5,2180,1056,false,219216,363,972,0,168,0,7,13,192
307,0,5,5,5,5,5,2180,1056,false,219216,363,972,0,172,0,7,14,197
308,0,5,5,5,5,5,2180,1056,false,219216,363,972,0,174,0,8,13,199
309,0,5,5,5,5,5,2180,1056,false,219216,363,972,0,156,0,6,12,178
310,0,5,5,5,5,5,2180,1056,false,219216,363,972,0,194,0,9,16,223
311,0,5,5,5,5,5,2180,1056,false,219216,363,972,0,167,0,7,12,189
312,0,5,5,5,5,5,2180,1056,false,219216,363,972,0,159,0,5,12,179
313,0,5,5,5,5,5,2180,1056,false,219216,363,972,0,161,0,6,11,181
314,0,5,5,5,5,5,2180,1056,false,219216,363,972,0,147,0,5,11,166
315,47,5,5,5,5,5,2180,1056,false,219216,363,972,0,170,841,7,13,1084
316,47,5,5,5,5,5,2180,1056,false,219216,363,972,0,143,429,5,12,641
317,47,5,5,5,5,5,2180,1056,false,219216,363,972,0,146,459,5,12,675
318,0,5,5,5,5,5,2180,1056,false,219216,363,972,0,150,0,5,10,169
319,0,5,5,5,5,5,2180,1056,false,219216,363,972,0,142,0,5,10,161
320,0,5,5,5,5,5,2180,1056,false,219216,363,972,0,143,0,5,11,162
321,0,5,5,5,5,5,2180,1056,false,219216,363,972,0,130,0,5,9,148
322,0,5,5,5,5,5,2180,1056,false,219216,363,972,0,130,0,4,10,148
323,47,5,5,5,5,5,2180,1056,false,219216,363,972,0,139,734,4,10,939
324,47,5,5,5,5,5,2180,1056,false,219216,363,972,0,197,435,5,12,700
325,47,5,5,5,5,5,2180,1056,false,219216,363,972,0,165,472,7,14,709
326,0,5,5,5,5,5,2180,1056,false,219216,363,972,0,146,0,5,11,165
327,47,5,5,5,5,5,2180,1056,false,219216,363,972,0,160,654,7,15,888
328,47,5,5,5,5,5,2180,1056,false,219216,363,972,0,152,461,6,14,685
329,47,5,5,5,5,5,2180,1056,false,219216,363,972,0,150,335,5,11,575
330,47,5,5,5,5,5,2180,1056,false,219216,363,972,0,131,308,4,9,501
331,0,5,5,5,5,5,2180,1056,false,219216,363,972,0,132,0,4,9,149
332,0,5,5,5,5,5,2180,1056,false,219216,363,972,0,167,0,8,14,192
333,0,5,5,5,5,5,2180,1056,false,219216,363,972,0,167,0,7,12,190
334,0,5,5,5,5,5,2180,1056,false,219216,363,972,0,163,0,5,10,182
335,0,5,5,5,5,5,2180,1056,false,219216,363,972,0,144,0,4,9,159
336,47,5,5,5,5,5,2180,1056,false,219216,363,972,0,127,790,4,10,983
337,47,5,5,5,5,5,2180,1056,false,219216,363,972,0,151,402,5,9,616
338,47,5,5,5,5,5,2180,1056,false,219216,363,972,0,208,697,12,20,991
339,47,5,5,5,5,5,2180,1056,false,219216,363,972,0,158,612,8,14,849
340,47,5,5,5,5,5,2180,1056,false,219216,363,972,0,152,503,7,13,728
341,47,5,5,5,5,5,2180,1056,false,219216,363,972,0,134,331,5,12,536
342,47,5,5,5,5,5,2180,1056,false,219216,363,972,0,135,333,4,10,541
343,0,5,5,5,5,5,2180,1056,false,219216,363,972,0,146,0,4,10,163
344,47,5,5,5,5,5,2180,1056,false,219216,363,972,0,151,375,4,10,601
345,47,5,5,5,5,5,2180,1056,false,219216,363,972,0,166,365,6,12,607
346,47,5,5,5,5,5,2180,1056,false,219216,363,972,0,153,418,5,11,646
347,0,5,5,5,5,5,2180,1056,false,219216,363,972,0,178,0,7,13,202
348,47,5,5,5,5,5,2180,1056,false,219216,363,972,0,159,525,6,13,764
349,47,5,5,5,5,5,2180,1056,false,219216,363,972,0,150,357,5,11,582
350,47,5,5,5,5,5,2180,1056,false,219216,363,972,0,142,361,5,10,580
351,47,5,5,5,5,5,2180,1056,false,219216,363,972,0,164,410,5,12,655
352,47,5,5,5,5,5,2180,1056,false,219216,363,972,0,158,348,5,11,588
353,47,5,5,5,5,5,2180,1056,false,219216,363,972,0,169,407,5,12,678
354,47,5,5,5,5,5,2180,1056,false,219216,363,972,0,137,338,4,10,546
355,47,5,5,5,5,5,2180,1056,false,219216,363,972,0,162,370,4,10,603
356,47,5,5,5,5,5,2180,1056,false,219216,363,972,0,142,323,4,9,538
357,47,5,5,5,5,5,2180,1056,false,219216,363,972,0,154,334,4,11,564
358,47,5,5,5,5,5,2180,1056,false,219216,363,972,0,146,356,4,10,583
359,47,5,5,5,5,5,2180,1056,false,219216,363,972,0,161,372,4,11,611
360,0,5,5,5,5,5,2180,1056,false,219216,363,972,0,172,0,5,11,193
361,0,5,5,5,5,5,2180,1056,false,219216,363,972,0,181,0,6,11,204
362,0,5,5,5,5,5,2180,1056,false,219216,363,972,0,144,0,5,9,163
363,0,5,5,5,5,5,2180,1056,false,219216,363,972,0,150,0,5,10,171
364,0,5,5,5,5,5,2180,1056,false,219216,363,972,0,166,0,4,14,189
365,0,5,5,5,5,5,2180,1056,false,219216,363,972,0,159,0,3,9,175
366,0,5,5,5,5,5,2180,1056,false,219216,363,972,0,141,0,4,9,158
367,47,5,5,5,5,5,2180,1056,false,219216,363,972,0,183,853,7,14,1122
368,47,5,5,5,5,5,2180,1056,false,219216,363,972,0,147,387,4,10,608
369,0,5,5,5,5,5,2180,1056,false,219216,363,972,0,148,0,4,10,167
370,0,5,5,5,5,5,2180,1056,false,219216,363,972,0,189,0,4,9,206
371,0,5,5,5,5,5,2180,1056,false,219216,363,972,0,155,0,4,9,173
372,0,5,5,5,5,5,2180,1056,false,219216,363,972,0,156,0,5,11,177
373,0,5,5,5,5,5,2180,1056,false,219216,363,972,0,180,0,6,13,204
374,47,5,5,5,5,5,2180,1056,false,219216,363,972,0,158,665,5,12,906
375,47,5,5,5,5,5,2180,1056,false,219216,363,972,0,155,437,5,11,671
376,47,5,5,5,5,5,2180,1056,false,219216,363,972,0,138,353,4,9,565
377,0,5,5,5,5,5,2180,1056,false,219216,363,972,0,167,0,4,11,187
378,0,5,5,5,5,5,2180,1056,false,219216,363,972,0,174,0,7,13,198
379,0,5,5,5,5,5,2180,1056,false,219216,363,972,0,183,0,4,10,202
380,0,5,5,5,5,5,2180,1056,false,219216,363,972,0,146,0,3,8,162
381,0,5,5,5,5,5,2180,1056,false,219216,363,972,0,136,0,11,8,159
382,47,5,5,5,5,5,2180,1056,false,219216,363,972,0,142,797,4,10,1039
383,47,5,5,5,5,5,2180,1056,false,219216,363,972,0,154,402,5,11,643
384,47,5,5,5,5,5,2180,1056,false,219216,363,972,0,151,411,4,10,641
385,47,5,5,5,5,5,2180,1056,false,219216,363,972,0,159,377,5,12,615
386,47,5,5,5,5,5,2180,1056,false,219216,363,972,0,136,350,4,9,559
387,47,5,5,5,5,5,2180,1056,false,219216,363,972,0,182,456,6,12,722
388,47,5,5,5,5,5,2180,1056,false,219216,363,972,0,159,379,4,11,618
389,47,5,5,5,5,5,2180,1056,false,219216,363,972,0,162,361,5,10,604
390,0,5,5,5,5,5,2180,1056,false,219216,363,972,0,156,0,4,10,174
391,0,5,5,5,5,5,2180,1056,false,219216,363,972,0,161,0,4,10,179
392,0,5,5,5,5,5,2180,1056,false,219216,363,972,0,167,0,5,11,187
393,0,5,5,5,5,5,2180,1056,false,219216,363,972,0,161,0,4,11,180
394,0,5,5,5,5,5,2180,1056,false,219216,363,972,0,148,0,4,9,166
395,0,5,5,5,5,5,2180,1056,false,219216,363,972,0,182,0,6,12,205
396,0,5,5,5,5,5,2180,1056,false,219216,363,972,0,149,0,4,10,167
397,47,5,5,5,5,5,2180,1056,false,219216,363,972,0,178,876,6,13,1135
398,47,5,5,5,5,5,2180,1056,false,219216,363,972,0,158,411,5,12,641
399,47,5,5,5,5,5,2180,1056,false,219216,363,972,0,160,441,4,11,676
400,47,5,5,5,5,5,2180,1056,false,219216,363,972,0,134,341,4,8,536
401,0,5,5,5,5,5,2180,1056,false,219216,363,972,0,159,0,5,10,178
402,0,5,5,5,5,5,2180,1056,false,219216,363,972,0,177,0,8,13,201
403,0,5,5,5,5,5,2180,1056,false,219216,363,972,0,152,0,7,12,174
404,47,5,5,5,5,5,2180,1056,false,219216,363,972,0,154,707,6,13,934
405,47,5,5,5,5,5,2180,1056,false,219216,363,972,0,159,440,6,12,668
406,47,5,5,5,5,5,2180,1056,false,219216,363,972,0,179,432,6,11,680
407,0,5,5,5,5,5,2180,1056,false,219216,363,972,0,170,0,6,11,190
408,47,5,5,5,5,5,2180,1056,false,219216,363,972,0,189,606,8,15,871
409,47,5,5,5,5,5,2180,1056,false,219216,363,972,0,151,404,5,11,620
410,47,5,5,5,5,5,2180,1056,false,219216,363,972,0,190,490,7,14,753
411,0,5,5,5,5,5,2180,1056,false,219216,363,972,0,184,0,7,12,207
412,0,5,5,5,5,5,2180,1056,false,219216,363,972,0,165,0,6,13,187
413,0,5,5,5,5,5,2180,1056,false,219216,363,972,0,174,0,5,10,193
414,47,5,5,5,5,5,2180,1056,false,219216,363,972,0,208,743,11,17,1030
415,0,5,5,5,5,5,2180,1056,false,219216,363,972,0,166,0,8,15,193
416,47,5,5,5,5,5,2180,1056,false,219216,363,972,0,153,734,9,15,965
417,47,5,5,5,5,5,2180,1056,false,219216,363,972,0,184,557,9,18,821
418,47,5,5,5,5,5,2180,1056,false,219216,363,972,0,147,385,5,12,599
419,0,5,5,5,5,5,2180,1056,false,219216,363,972,0,141,0,4,9,158
420,0,5,5,5,5,5,2180,1056,false,219216,363,972,0,150,0,6,12,171
421,0,5,5,5,5,5,2180,1056,false,219216,363,972,0,142,0,4,9,159
422,0,5,5,5,5,5,2180,1056,false,219216,363,972,0,149,0,6,12,171
423,0,5,5,5,5,5,2180,1056,false,219216,363,972,0,142,0,5,11,161
424,0,5,5,5,5,5,2180,1056,false,219216,363,972,0,141,0,6,12,162
425,47,5,5,5,5,5,2180,1056,false,219216,363,972,0,150,800,8,18,1031
426,47,5,5,5,5,5,2180,1056,false,219216,363,972,0,142,385,5,12,594
427,47,5,5,5,5,5,2180,1056,false,219216,363,972,0,127,416,5,11,611
428,0,5,5,5,5,5,2180,1056,false,219216,363,972,0,133,0,4,10,151
429,0,5,5,5,5,5,2180,1056,false,219216,363,972,0,120,0,4,9,136
430,0,5,5,5,5,5,2180,1056,false,219216,363,972,0,169,0,5,10,188
431,0,5,5,5,5,5,2180,1056,false,219216,363,972,0,149,0,7,11,170
432,0,5,5,5,5,5,2180,1056,false,219216,363,972,0,135,0,4,10,153
433,0,5,5,5,5,5,2180,1056,false,219216,363,972,0,154,0,4,9,171
434,0,5,5,5,5,5,2180,1056,false,219216,363,972,0,124,0,4,8,139
435,0,5,5,5,5,5,2180,1056,false,219216,363,972,0,113,0,3,7,126
436,0,5,5,5,5,5,2180,1056,false,219216,363,972,0,133,0,4,9,150
437,0,5,5,5,5,5,2180,1056,false,219216,363,972,0,142,0,4,10,160
438,0,5,5,5,5,5,2180,1056,false,219216,363,972,0,142,0,4,13,163
439,0,5,5,5,5,5,2180,1056,false,219216,363,972,0,129,0,3,9,145
440,0,5,5,5,5,5,2180,1056,false,219216,363,972,0,132,0,3,9,148
441,47,5,5,5,5,5,2180,1056,false,219216,363,972,0,117,877,3,9,1064
442,47,5,5,5,5,5,2180,1056,false,219216,363,972,0,131,380,4,11,575
443,47,5,5,5,5,5,2180,1056,false,219216,363,972,0,138,349,4,9,549
444,47,5,5,5,5,5,2180,1056,false,219216,363,972,0,132,334,3,8,525
445,47,5,5,5,5,5,2180,1056,false,219216,363,972,0,117,291,3,8,466
446,47,5,5,5,5,5,2180,1056,false,219216,363,972,0,120,285,3,8,462
447,47,5,5,5,5,5,2180,1056,false,219216,363,972,0,159,463,5,11,689
448,0,5,5,5,5,5,2180,1056,false,219216,363,972,0,205,0,5,12,226
449,47,5,5,5,5,5,2180,1056,false,219216,363,972,0,131,494,4,10,689
450,0,5,5,5,5,5,2180,1056,false,219216,363,972,0,134,0,3,8,149
451,0,5,5,5,5,5,2180,1056,false,219216,363,972,0,123,0,3,8,138
452,0,5,5,5,5,5,2180,1056,false,219216,363,972,0,160,0,6,12,181
453,0,5,5,5,5,5,2180,1056,false,219216,363,972,0,137,0,4,10,156
454,47,5,5,5,5,5,2180,1056,false,219216,363,972,0,173,737,6,18,993
455,47,5,5,5,5,5,2180,1056,false,219216,363,972,0,138,376,4,10,579
456,47,5,5,5,5,5,2180,1056,false,219216,363,972,0,155,412,4,10,631
457,47,5,5,5,5,5,2180,1056,false,219216,363,972,0,257,645,10,21,987
458,47,5,5,5,5,5,2180,1056,false,219216,363,972,0,187,691,8,17,957
459,47,5,5,5,5,5,2180,1056,false,219216,363,972,0,170,460,9,15,703
460,47,5,5,5,5,5,2180,1056,false,219216,363,972,0,157,432,7,12,659
461,47,5,5,5,5,5,2180,1056,false,219216,363,972,0,173,420,7,14,678
462,0,5,5,5,5,5,2180,1056,false,219216,363,972,0,194,0,9,16,224
463,47,5,5,5,5,5,2180,1056,false,219216,363,972,0,143,591,5,12,805
464,47,5,5,5,5,5,2180,1056,false,219216,363,972,0,136,326,4,9,528
465,47,5,5,5,5,5,2180,1056,false,219216,363,972,0,159,385,6,12,620
466,0,5,5,5,5,5,2180,1056,false,219216,363,972,0,144,0,4,9,161
467,0,5,5,5,5,5,2180,1056,false,219216,363,972,0,136,0,4,9,153
468,47,5,5,5,5,5,2180,1056,false,219216,363,972,0,166,489,6,13,733
469,47,5,5,5,5,5,2180,1056,false,219216,363,972,0,142,338,4,10,549
470,0,5,5,5,5,5,2180,1056,false,219216,363,972,0,196,0,7,10,218
471,0,5,5,5,5,5,2180,1056,false,219216,363,972,0,130,0,3,8,145
472,0,5,5,5,5,5,2180,1056,false,219216,363,972,0,171,0,6,13,194
473,47,5,5,5,5,5,2180,1056,false,219216,363,972,0,146,470,4,10,722
474,47,5,5,5,5,5,2180,1056,false,219216,363,972,0,174,452,6,13,702
475,47,5,5,5,5,5,2180,1056,false,219216,363,972,0,151,397,5,11,621
476,47,5,5,5,5,5,2180,1056,false,219216,363,972,0,144,314,4,9,528
477,0,5,5,5,5,5,2180,1056,false,219216,363,972,0,154,0,4,14,176
478,0,5,5,5,5,5,2180,1056,false,219216,363,972,0,158,0,5,11,179
479,0,5,5,5,5,5,2180,1056,false,219216,363,972,0,137,0,4,9,153
480,0,5,5,5,5,5,2180,1056,false,219216,363,972,0,164,0,6,12,186
481,0,5,5,5,5,5,2180,1056,false,219216,363,972,0,150,0,4,10,168
482,0,5,5,5,5,5,2180,1056,false,219216,363,972,0,164,0,5,11,184
483,0,5,5,5,5,5,2180,1056,false,219216,363,972,0,151,0,5,10,169
484,47,5,5,5,5,5,2180,1056,false,219216,363,972,0,197,962,5,13,1244
485,47,5,5,5,5,5,2180,1056,false,219216,363,972,0,156,436,4,11,680
486,47,5,5,5,5,5,2180,1056,false,219216,363,972,0,183,493,6,13,758
487,0,5,5,5,5,5,2180,1056,false,219216,363,972,0,163,0,5,11,184
488,0,5,5,5,5,5,2180,1056,false,219216,363,972,0,146,0,5,10,164
489,0,5,5,5,5,5,2180,1056,false,219216,363,972,0,131,0,4,9,148
490,0,5,5,5,5,5,2180,1056,false,219216,363,972,0,149,0,5,10,167
491,0,5,5,5,5,5,2180,1056,false,219216,363,972,0,137,0,5,11,158
492,47,5,5,5,5,5,2180,1056,false,219216,363,972,0,217,799,8,16,1092
493,47,5,5,5,5,5,2180,1056,false,219216,363,972,0,170,761,8,15,1006
494,0,5,5,5,5,5,2180,1056,false,219216,363,972,0,157,0,7,12,179
495,0,5,5,5,5,5,2180,1056,false,219216,363,972,0,142,0,5,10,164
496,47,5,5,5,5,5,2180,1056,false,219216,363,972,0,164,532,5,11,765
497,47,5,5,5,5,5,2180,1056,false,219216,363,972,0,152,475,7,15,703
498,47,5,5,5,5,5,2180,1056,false,219216,363,972,0,167,462,6,13,697
499,0,5,5,5,5,5,2180,1056,false,219216,363,972,0,139,0,4,11,158
500,47,5,5,5,5,5,2180,1056,false,219216,363,972,0,170,369,5,9,631
501,47,5,5,5,5,5,2180,1056,false,219216,363,972,0,132,391,5,13,593
502,0,5,5,5,5,5,2180,1056,false,219216,363,972,0,163,0,6,12,186
503,0,5,5,5,5,5,2180,1056,false,219216,363,972,0,142,0,5,11,163
504,0,5,5,5,5,5,2180,1056,false,219216,363,972,0,140,0,5,11,160
505,0,5,5,5,5,5,2180,1056,false,219216,363,972,0,144,0,6,12,166
506,47,5,5,5,5,5,2180,1056,false,219216,363,972,0,150,846,5,11,1078
507,0,5,5,5,5,5,2180,1056,false,219216,363,972,0,185,0,6,12,208
508,47,5,5,5,5,5,2180,1056,false,219216,363,972,0,176,449,12,11,710
509,47,5,5,5,5,5,2180,1056,false,219216,363,972,0,142,372,4,11,594
510,47,5,5,5,5,5,2180,1056,false,219216,363,972,0,166,450,5,12,709
511,0,5,5,5,5,5,2180,1056,false,219216,363,972,0,141,0,4,10,159
512,0,5,5,5,5,5,2180,1056,false,219216,363,972,0,144,0,4,10,162
513,47,5,5,5,5,5,2180,1056,false,219216,363,972,0,132,482,4,11,725
514,47,5,5,5,5,5,2180,1056,false,219216,363,972,0,161,358,3,14,597
515,47,5,5,5,5,5,2180,1056,false,219216,363,972,0,158,365,5,11,604
516,47,5,5,5,5,5,2180,1056,false,219216,363,972,0,147,373,4,10,597
517,47,5,5,5,5,5,2180,1056,false,219216,363,972,0,152,408,5,12,638
518,0,5,5,5,5,5,2180,1056,false,219216,363,972,0,171,0,6,12,193
519,47,5,5,5,5,5,2180,1056,false,219216,363,972,0,142,443,4,11,658
520,47,5,5,5,5,5,2180,1056,false,219216,363,972,0,171,363,5,10,607
521,47,5,5,5,5,5,2180,1056,false,219216,363,972,0,139,334,4,10,546
522,47,5,5,5,5,5,2180,1056,false,219216,363,972,0,181,532,7,14,798
523,47,5,5,5,5,5,2180,1056,false,219216,363,972,0,170,484,6,14,734
524,47,5,5,5,5,5,2180,1056,false,219216,363,972,0,164,429,5,12,665
525,0,5,5,5,5,5,2180,1056,false,219216,363,972,0,156,0,5,11,175
526,0,5,5,5,5,5,2180,1056,false,219216,363,972,0,191,0,9,15,218
527,47,5,5,5,5,5,2180,1056,false,219216,363,972,0,173,654,7,14,900
528,47,5,5,5,5,5,2180,1056,false,219216,363,972,0,137,399,4,11,600
529,0,5,5,5,5,5,2180,1056,false,219216,363,972,0,162,0,6,12,184
530,0,5,5,5,5,5,2180,1056,false,219216,363,972,0,175,0,8,14,202
531,0,5,5,5,5,5,2180,1056,false,219216,363,972,0,186,0,8,14,211
532,47,5,5,5,5,5,2180,1056,false,219216,363,972,0,202,793,9,16,1073
533,47,5,5,5,5,5,2180,1056,false,219216,363,972,0,176,356,6,13,601
534,47,5,5,5,5,5,2180,1056,false,219216,363,972,0,172,745,9,16,994
535,47,5,5,5,5,5,2180,1056,false,219216,363,972,0,154,392,6,12,615
536,0,5,5,5,5,5,2180,1056,false,219216,363,972,0,160,0,8,13,185
537,0,5,5,5,5,5,2180,1056,false,219216,363,972,0,173,0,9,16,202
538,0,5,5,5,5,5,2180,1056,false,219216,363,972,0,149,0,7,12,171
539,0,5,5,5,5,5,2180,1056,false,219216,363,972,0,132,0,4,9,149
540,47,5,5,5,5,5,2180,1056,false,219216,363,972,0,142,774,6,13,988
541,47,5,5,5,5,5,2180,1056,false,219216,363,972,0,155,383,6,11,606
542,0,5,5,5,5,5,2180,1056,false,219216,363,972,0,162,0,6,12,184
543,0,5,5,5,5,5,2180,1056,false,219216,363,972,0,135,0,4,10,153
544,0,5,5,5,5,5,2180,1056,false,219216,363,972,0,136,0,8,13,161
545,0,5,5,5,5,5,2180,1056,false,219216,363,972,0,137,0,5,12,157
546,0,5,5,5,5,5,2180,1056,false,219216,363,972,0,137,0,6,11,158
547,0,5,5,5,5,5,2180,1056,false,219216,363,972,0,115,0,4,9,131
548,0,5,5,5,5,5,2180,1056,false,219216,363,972,0,112,0,3,8,127
549,0,5,5,5,5,5,2180,1056,false,219216,363,972,0,127,0,4,10,145
550,0,5,5,5,5,5,2180,1056,false,219216,363,972,0,144,0,4,10,161
551,47,5,5,5,5,5,2180,1056,false,219216,363,972,0,120,828,4,11,1015
552,47,5,5,5,5,5,2180,1056,false,219216,363,972,0,121,371,3,9,553
553,0,5,5,5,5,5,2180,1056,false,219216,363,972,0,137,0,5,10,155
554,0,5,5,5,5,5,2180,1056,false,219216,363,972,0,141,0,5,10,160
555,47,5,5,5,5,5,2180,1056,false,219216,363,972,0,119,561,4,11,760
556,47,5,5,5,5,5,2180,1056,false,219216,363,972,0,140,414,5,11,620
557,47,5,5,5,5,5,2180,1056,false,219216,363,972,0,151,426,5,12,644
558,0,5,5,5,5,5,2180,1056,false,219216,363,972,0,176,0,4,10,193
559,47,5,5,5,5,5,2180,1056,false,219216,363,972,0,138,480,5,11,685
560,47,5,5,5,5,5,2180,1056,false,219216,363,972,0,126,285,4,9,471
561,47,5,5,5,5,5,2180,1056,false,219216,363,972,0,116,281,3,8,456
562,0,5,5,5,5,5,2180,1056,false,219216,363,972,0,152,0,4,10,170
563,0,5,5,5,5,5,2180,1056,false,219216,363,972,0,130,0,3,9,145
564,0,5,5,5,5,5,2180,1056,false,219216,363,972,0,136,0,3,8,151
565,47,5,5,5,5,5,2180,1056,false,219216,363,972,0,123,499,3,9,686
566,0,5,5,5,5,5,2180,1056,false,219216,363,972,0,133,0,3,8,148
567,47,5,5,5,5,5,2180,1056,false,219216,363,972,0,123,430,4,9,616
568,47,5,5,5,5,5,2180,1056,false,219216,363,972,0,149,410,5,12,629
569,47,5,5,5,5,5,2180,1056,false,219216,363,972,0,143,382,4,10,589
570,0,5,5,5,5,5,2180,1056,false,219216,363,972,0,140,0,4,9,157
571,0,5,5,5,5,5,2180,1056,false,219216,363,972,0,126,0,4,9,143
572,0,5,5,5,5,5,2180,1056,false,219216,363,972,0,168,0,5,12,189
573,0,5,5,5,5,5,2180,1056,false,219216,363,972,0,162,0,7,13,186
574,0,5,5,5,5,5,2180,1056,false,219216,363,972,0,163,0,6,11,184
575,0,5,5,5,5,5,2180,1056,false,219216,363,972,0,186,0,7,13,209
576,0,5,5,5,5,5,2180,1056,false,219216,363,972,0,153,0,5,15,177
577,0,5,5,5,5,5,2180,1056,false,219216,363,972,0,158,0,6,11,179
578,47,5,5,5,5,5,2180,1056,false,219216,363,972,0,201,906,5,12,1179
579,47,5,5,5,5,5,2180,1056,false,219216,363,972,0,154,460,6,12,683
580,47,5,5,5,5,5,2180,1056,false,219216,363,972,0,154,439,5,12,660
581,0,5,5,5,5,5,2180,1056,false,219216,363,972,0,147,0,5,11,167
582,0,5,5,5,5,5,2180,1056,false,219216,363,972,0,138,0,4,10,156
583,0,5,5,5,5,5,2180,1056,false,219216,363,972,0,127,0,3,9,144
584,0,5,5,5,5,5,2180,1056,false,219216,363,972,0,125,0,3,8,140
585,0,5,5,5,5,5,2180,1056,false,219216,363,972,0,134,0,4,10,152
586,0,5,5,5,5,5,2180,1056,false,219216,363,972,0,128,0,3,9,143
587,0,5,5,5,5,5,2180,1056,false,219216,363,972,0,143,0,5,11,162
588,0,5,5,5,5,5,2180,1056,false,219216,363,972,0,143,0,6,13,165
589,0,5,5,5,5,5,2180,1056,false,219216,363,972,0,117,0,4,9,133
590,0,5,5,5,5,5,2180,1056,false,219216,363,972,0,144,0,6,12,165
591,47,5,5,5,5,5,2180,1056,false,219216,363,972,0,132,810,5,11,1015
592,47,5,5,5,5,5,2180,1056,false,219216,363,972,0,158,475,8,16,722
593,0,5,5,5,5,5,2180,1056,false,219216,363,972,0,189,0,6,12,212
594,47,5,5,5,5,5,2180,1056,false,219216,363,972,0,172,525,5,12,783
595,47,5,5,5,5,5,2180,1056,false,219216,363,972,0,151,371,5,12,603
596,47,5,5,5,5,5,2180,1056,false,219216,363,972,0,151,354,4,10,584
597,47,5,5,5,5,5,2180,1056,false,219216,363,972,0,162,424,6,12,667
598,0,5,5,5,5,5,2180,1056,false,219216,363,972,0,174,0,5,11,194
599,47,5,5,5,5,5,2180,1056,false,219216,363,972,0,164,498,4,11,737
600,0,5,5,5,5,5,2180,1056,false,219216,363,972,0,144,0,3,9,160
601,47,5,5,5,5,5,2180,1056,false,219216,363,972,0,131,403,4,9,605
602,47,5,5,5,5,5,2180,1056,false,219216,363,972,0,161,372,4,10,608
603,47,5,5,5,5,5,2180,1056,false,219216,363,972,0,144,374,4,10,592
604,0,5,5,5,5,5,2180,1056,false,219216,363,972,0,142,0,3,8,158
605,47,5,5,5,5,5,2180,1056,false,219216,363,972,0,143,394,4,9,614
606,0,5,5,5,5,5,2180,1056,false,219216,363,972,0,152,0,3,9,168
607,0,5,5,5,5,5,2180,1056,false,219216,363,972,0,150,0,4,9,167
608,0,5,5,5,5,5,2180,1056,false,219216,363,972,0,152,0,3,9,169
609,47,5,5,5,5,5,2180,1056,false,219216,363,972,0,157,469,4,12,712
610,47,5,5,5,5,5,2180,1056,false,219216,363,972,0,189,423,6,13,698
611,47,5,5,5,5,5,2180,1056,false,219216,363,972,0,157,407,4,10,639
612,47,5,5,5,5,5,2180,1056,false,219216,363,972,0,199,464,5,11,743
613,47,5,5,5,5,5,2180,1056,false,219216,363,972,0,141,318,4,10,529
614,47,5,5,5,5,5,2180,1056,false,219216,363,972,0,148,325,4,9,553
615,0,5,5,5,5,5,2180,1056,false,219216,363,972,0,138,0,3,8,163
616,47,5,5,5,5,5,2180,1056,false,219216,363,972,0,149,444,4,10,666
617,0,5,5,5,5,5,2180,1056,false,219216,363,972,0,193,0,7,13,218
618,47,5,5,5,5,5,2180,1056,false,219216,363,972,0,184,642,6,13,910
619,0,5,5,5,5,5,2180,1056,false,219216,363,972,0,181,0,6,12,203
620,47,5,5,5,5,5,2180,1056,false,219216,363,972,0,166,411,5,11,660
621,0,5,5,5,5,5,2180,1056,false,219216,363,972,0,236,0,5,11,257
622,47,5,5,5,5,5,2180,1056,false,219216,363,972,0,161,510,4,11,746
623,0,5,5,5,5,5,2180,1056,false,219216,363,972,0,154,0,5,11,174
624,47,5,5,5,5,5,2180,1056,false,219216,363,972,0,141,433,4,11,646
625,0,5,5,5,5,5,2180,1056,false,219216,363,972,0,130,0,3,9,147
626,47,5,5,5,5,5,2180,1056,false,219216,363,972,0,130,342,3,9,543
627,47,5,5,5,5,5,2180,1056,false,219216,363,972,0,145,428,4,10,649
628,0,5,5,5,5,5,2180,1056,false,219216,363,972,0,158,0,5,11,178
629,0,5,5,5,5,5,2180,1056,false,219216,363,972,0,127,0,3,9,143
630,47,5,5,5,5,5,2180,1056,false,219216,363,972,0,131,435,3,9,636
631,0,5,5,5,5,5,2180,1056,false,219216,363,972,0,126,0,3,8,141
632,0,5,5,5,5,5,2180,1056,false,219216,363,972,0,132,0,3,8,147
633,0,5,5,5,5,5,2180,1056,false,219216,363,972,0,138,0,3,8,153
634,0,5,5,5,5,5,2180,1056,false,219216,363,972,0,147,0,3,8,163
635,47,5,5,5,5,5,2180,1056,false,219216,363,972,0,144,458,4,9,681
636,0,5,5,5,5,5,2180,1056,false,219216,363,972,0,166,0,5,11,186
637,47,5,5,5,5,5,2180,1056,false,219216,363,972,0,140,454,3,10,669
638,47,5,5,5,5,5,2180,1056,false,219216,363,972,0,152,357,3,9,585
639,47,5,5,5,5,5,2180,1056,false,219216,363,972,0,164,430,6,12,679
640,47,5,5,5,5,5,2180,1056,false,219216,363,972,0,183,459,6,13,731
641,47,5,5,5,5,5,2180,1056,false,219216,363,972,0,184,498,5,14,769
642,47,5,5,5,5,5,2180,1056,false,219216,363,972,0,199,475,6,13,755
643,47,5,5,5,5,5,2180,1056,false,219216,363,972,0,172,505,5,13,755
644,47,5,5,5,5,5,2180,1056,false,219216,363,972,0,173,495,6,13,744
645,0,5,5,5,5,5,2180,1056,false,219216,363,972,0,179,0,8,14,205
646,47,5,5,5,5,5,2180,1056,false,219216,363,972,0,206,576,8,14,859
647,47,5,5,5,5,5,2180,1056,false,219216,363,972,0,174,492,6,13,736
648,47,5,5,5,5,5,2180,1056,false,219216,363,972,0,165,499,6,12,732
649,47,5,5,5,5,5,2180,1056,false,219216,363,972,0,164,464,7,14,700
650,0,5,5,5,5,5,2180,1056,false,219216,363,972,0,160,0,5,10,179
651,47,5,5,5,5,5,2180,1056,false,219216,363,972,0,161,549,6,13,782
652,47,5,5,5,5,5,2180,1056,false,219216,363,972,0,173,427,5,12,667
653,47,5,5,5,5,5,2180,1056,false,219216,363,972,0,133,313,4,10,512
654,47,5,5,5,5,5,2180,1056,false,219216,363,972,0,141,338,4,10,543
655,0,5,5,5,5,5,2180,1056,false,219216,363,972,0,141,0,3,9,157
656,0,5,5,5,5,5,2180,1056,false,219216,363,972,0,146,0,4,10,163
657,47,5,5,5,5,5,2180,1056,false,219216,363,972,0,184,685,7,14,943
658,47,5,5,5,5,5,2180,1056,false,219216,363,972,0,160,442,4,12,669
659,0,5,5,5,5,5,2180,1056,false,219216,363,972,0,180,0,4,9,197
660,47,5,5,5,5,5,2180,1056,false,219216,363,972,0,150,506,5,11,723
661,0,5,5,5,5,5,2180,1056,false,219216,363,972,0,165,0,5,11,185
662,47,5,5,5,5,5,2180,1056,false,219216,363,972,0,201,555,5,12,825
663,0,5,5,5,5,5,2180,1056,false,219216,363,972,0,158,0,4,10,176
664,0,5,5,5,5,5,2180,1056,false,219216,363,972,0,148,0,5,11,168
665,47,5,5,5,5,5,2180,1056,false,219216,363,972,0,163,756,8,15,994
666,47,5,5,5,5,5,2180,1056,false,219216,363,972,0,159,445,6,12,674
667,47,5,5,5,5,5,2180,1056,false,219216,363,972,0,147,402,6,12,619
668,47,5,5,5,5,5,2180,1056,false,219216,363,972,0,145,344,5,12,555
669,47,5,5,5,5,5,2180,1056,false,219216,363,972,0,145,339,4,10,545
670,47,5,5,5,5,5,2180,1056,false,219216,363,972,0,163,453,5,13,685
671,47,5,5,5,5,5,2180,1056,false,219216,363,972,0,146,451,5,11,662
672,47,5,5,5,5,5,2180,1056,false,219216,363,972,0,152,360,5,11,578
673,47,5,5,5,5,5,2180,1056,false,219216,363,972,0,127,322,4,9,511
674,47,5,5,5,5,5,2180,1056,false,219216,363,972,0,130,328,4,9,518
675,0,5,5,5,5,5,2180,1056,false,219216,363,972,0,132,0,4,10,151
676,47,5,5,5,5,5,2180,1056,false,219216,363,972,0,146,513,6,12,728
677,47,5,5,5,5,5,2180,1056,false,219216,363,972,0,141,464,5,13,676
678,0,5,5,5,5,5,2180,1056,false,219216,363,972,0,167,0,7,12,191
679,47,5,5,5,5,5,2180,1056,false,219216,363,972,0,136,526,5,12,728
680,47,5,5,5,5,5,2180,1056,false,219216,363,972,0,141,329,5,11,534
681,47,5,5,5,5,5,2180,1056,false,219216,363,972,0,121,312,3,9,494
682,47,5,5,5,5,5,2180,1056,false,219216,363,972,0,150,416,5,11,633
683,47,5,5,5,5,5,2180,1056,false,219216,363,972,0,187,329,4,9,577
684,0,5,5,5,5,5,2180,1056,false,219216,363,972,0,134,0,3,8,149
685,47,5,5,5,5,5,2180,1056,false,219216,363,972,0,117,317,3,8,492
686,47,5,5,5,5,5,2180,1056,false,219216,363,972,0,124,297,3,8,479
687,0,5,5,5,5,5,2180,1056,false,219216,363,972,0,159,0,5,10,177
688,0,5,5,5,5,5,2180,1056,false,219216,363,972,0,149,0,4,9,166
689,47,5,5,5,5,5,2180,1056,false,219216,363,972,0,166,709,6,12,945
690,47,5,5,5,5,5,2180,1056,false,219216,363,972,0,155,346,5,11,568
691,47,5,5,5,5,5,2180,1056,false,219216,363,972,0,136,359,4,9,558
692,47,5,5,5,5,5,2180,1056,false,219216,363,972,0,164,388,5,11,618
693,47,5,5,5,5,5,2180,1056,false,219216,363,972,0,162,384,4,10,610
694,47,5,5,5,5,5,2180,1056,false,219216,363,972,0,137,310,4,9,509
695,47,5,5,5,5,5,2180,1056,false,219216,363,972,0,137,350,3,10,549
696,0,5,5,5,5,5,2180,1056,false,219216,363,972,0,171,0,5,10,190
697,47,5,5,5,5,5,2180,1056,false,219216,363,972,0,172,657,6,13,899
698,47,5,5,5,5,5,2180,1056,false,219216,363,972,0,150,349,4,10,561
699,47,5,5,5,5,5,2180,1056,false,219216,363,972,0,140,352,4,9,552
700,0,5,5,5,5,5,2180,1056,false,219216,363,972,0,164,0,5,10,183
701,47,5,5,5,5,5,2180,1056,false,219216,363,972,0,145,535,5,12,751
702,47,5,5,5,5,5,2180,1056,false,219216,363,972,0,159,423,4,11,648
703,47,5,5,5,5,5,2180,1056,false,219216,363,972,0,159,438,6,12,666
704,47,5,5,5,5,5,2180,1056,false,219216,363,972,0,143,348,4,10,554
705,47,5,5,5,5,5,2180,1056,false,219216,363,972,0,142,523,11,18,744
706,47,5,5,5,5,5,2180,1056,false,219216,363,972,0,180,597,11,19,871
707,47,5,5,5,5,5,2180,1056,false,219216,363,972,0,185,473,9,17,742
708,47,5,5,5,5,5,2180,1056,false,219216,363,972,0,191,504,8,15,776
709,0,5,5,5,5,5,2180,1056,false,219216,363,972,0,173,0,7,12,196
710,47,5,5,5,5,5,2180,1056,false,219216,363,972,0,158,518,5,12,749
711,47,5,5,5,5,5,2180,1056,false,219216,363,972,0,161,414,6,13,650
712,47,5,5,5,5,5,2180,1056,false,219216,363,972,0,185,443,7,14,709
713,47,5,5,5,5,5,2180,1056,false,219216,363,972,0,163,439,5,12,675
714,47,5,5,5,5,5,2180,1056,false,219216,363,972,0,172,407,6,13,657
715,47,5,5,5,5,5,2180,1056,false,219216,363,972,0,153,383,5,11,611
716,0,5,5,5,5,5,2180,1056,false,219216,363,972,0,174,0,5,11,194
717,47,5,5,5,5,5,2180,1056,false,219216,363,972,0,156,489,6,12,722
718,0,5,5,5,5,5,2180,1056,false,219216,363,972,0,184,0,5,11,205
719,47,5,5,5,5,5,2180,1056,false,219216,363,972,0,166,537,6,13,779
720,47,5,5,5,5,5,2180,1056,false,219216,363,972,0,159,384,6,13,619
721,47,5,5,5,5,5,2180,1056,false,219216,363,972,0,182,386,6,13,642
722,47,5,5,5,5,5,2180,1056,false,219216,363,972,0,170,347,5,11,587
723,0,5,5,5,5,5,2180,1056,false,219216,363,972,0,140,0,4,9,156
724,47,5,5,5,5,5,2180,1056,false,219216,363,972,0,142,342,4,9,555
725,47,5,5,5,5,5,2180,1056,false,219216,363,972,0,143,368,4,10,583
726,47,5,5,5,5,5,2180,1056,false,219216,363,972,0,152,361,4,10,583
727,47,5,5,5,5,5,2180,1056,false,219216,363,972,0,150,362,4,10,580
728,47,5,5,5,5,5,2180,1056,false,219216,363,972,0,140,306,3,9,513
729,47,5,5,5,5,5,2180,1056,false,219216,363,972,0,146,321,3,8,534
730,47,5,5,5,5,5,2180,1056,false,219216,363,972,0,163,346,5,11,587
731,47,5,5,5,5,5,2180,1056,false,219216,363,972,0,140,328,3,9,539
732,47,5,5,5,5,5,2180,1056,false,219216,363,972,0,176,453,6,12,708
733,47,5,5,5,5,5,2180,1056,false,219216,363,972,0,155,341,4,11,571
734,0,5,5,5,5,5,2180,1056,false,219216,363,972,0,149,0,4,9,166
735,47,5,5,5,5,5,2180,1056,false,219216,363,972,0,141,401,4,9,616
736,47,5,5,5,5,5,2180,1056,false,219216,363,972,0,161,384,4,10,623
737,0,5,5,5,5,5,2180,1056,false,219216,363,972,0,207,0,8,14,233
738,47,5,5,5,5,5,2180,1056,false,219216,363,972,0,175,543,5,11,798
739,47,5,5,5,5,5,2180,1056,false,219216,363,972,0,149,369,4,10,590
740,0,5,5,5,5,5,2180,1056,false,219216,363,972,0,171,0,5,10,190
741,47,5,5,5,5,5,2180,1056,false,219216,363,972,0,145,400,4,10,623
742,47,5,5,5,5,5,2180,1056,false,219216,363,972,0,162,378,4,10,616
743,0,5,5,5,5,5,2180,1056,false,219216,363,972,0,179,0,5,10,198
744,47,5,5,5,5,5,2180,1056,false,219216,363,972,0,186,459,6,12,728
745,47,5,5,5,5,5,2180,1056,false,219216,363,972,0,222,395,5,11,696
746,47,5,5,5,5,5,2180,1056,false,219216,363,972,0,176,432,5,12,683
747,47,5,5,5,5,5,2180,1056,false,219216,363,972,0,148,381,4,11,599
748,47,5,5,5,5,5,2180,1056,false,219216,363,972,0,153,375,4,10,600
749,47,5,5,5,5,5,2180,1056,false,219216,363,972,0,162,437,5,12,672
750,47,5,5,5,5,5,2180,1056,false,219216,363,972,0,127,300,3,9,487
751,47,5,5,5,5,5,2180,1056,false,219216,363,972,0,155,384,5,12,606
752,47,5,5,5,5,5,2180,1056,false,219216,363,972,0,158,384,4,11,606
753,0,5,5,5,5,5,2180,1056,false,219216,363,972,0,127,0,3,8,142
754,47,5,5,5,5,5,2180,1056,false,219216,363,972,0,133,416,5,10,613
755,47,5,5,5,5,5,2180,1056,false,219216,363,972,0,133,304,5,13,510
756,47,5,5,5,5,5,2180,1056,false,219216,363,972,0,157,366,6,11,588
757,47,5,5,5,5,5,2180,1056,false,219216,363,972,0,146,353,4,11,562
758,47,5,5,5,5,5,2180,1056,false,219216,363,972,0,162,381,6,11,610
759,47,5,5,5,5,5,2180,1056,false,219216,363,972,0,131,301,4,9,494
760,47,5,5,5,5,5,2180,1056,false,219216,363,972,0,134,303,4,9,498
761,47,5,5,5,5,5,2180,1056,false,219216,363,972,0,134,357,4,9,551
762,47,5,5,5,5,5,2180,1056,false,219216,363,972,0,155,430,5,11,651
763,47,5,5,5,5,5,2180,1056,false,219216,363,972,0,169,489,7,13,731
764,47,5,5,5,5,5,2180,1056,false,219216,363,972,0,169,468,8,15,712
765,47,5,5,5,5,5,2180,1056,false,219216,363,972,0,165,463,7,13,705
766,47,5,5,5,5,5,2180,1056,false,219216,363,972,0,155,350,5,12,571
767,0,5,5,5,5,5,2180,1056,false,219216,363,972,0,164,0,7,13,188
768,0,5,5,5,5,5,2180,1056,false,219216,363,972,0,172,0,8,13,197
769,47,5,5,5,5,5,2180,1056,false,219216,363,972,0,160,595,6,13,828
770,47,5,5,5,5,5,2180,1056,false,219216,363,972,0,191,492,7,13,753
771,47,5,5,5,5,5,2180,1056,false,219216,363,972,0,147,362,4,11,574
772,47,5,5,5,5,5,2180,1056,false,219216,363,972,0,146,405,5,11,617
773,47,5,5,5,5,5,2180,1056,false,219216,363,972,0,148,329,5,11,543
774,47,5,5,5,5,5,2180,1056,false,219216,363,972,0,143,350,4,10,556
775,0,5,5,5,5,5,2180,1056,false,219216,363,972,0,178,0,5,11,198
776,47,5,5,5,5,5,2180,1056,false,219216,363,972,0,157,478,5,12,704
777,0,5,5,5,5,5,2180,1056,false,219216,363,972,0,160,0,8,14,186
778,47,5,5,5,5,5,2180,1056,false,219216,363,972,0,162,609,6,13,840
779,47,5,5,5,5,5,2180,1056,false,219216,363,972,0,135,353,4,11,561
780,47,5,5,5,5,5,2180,1056,false,219216,363,972,0,132,328,3,9,522
781,47,5,5,5,5,5,2180,1056,false,219216,363,972,0,149,427,5,12,643
782,0,5,5,5,5,5,2180,1056,false,219216,363,972,0,136,0,3,10,152
783,47,5,5,5,5,5,2180,1056,false,219216,363,972,0,149,510,6,12,730
784,47,5,5,5,5,5,2180,1056,false,219216,363,972,0,160,529,8,16,766
785,47,5,5,5,5,5,2180,1056,false,219216,363,972,0,169,443,5,12,681
786,47,5,5,5,5,5,2180,1056,false,219216,363,972,0,172,411,7,13,654
787,0,5,5,5,5,5,2180,1056,false,219216,363,972,0,199,0,11,17,230
788,47,5,5,5,5,5,2180,1056,false,219216,363,972,0,175,565,7,16,815
789,47,5,5,5,5,5,2180,1056,false,219216,363,972,0,184,509,10,18,775
790,47,5,5,5,5,5,2180,1056,false,219216,363,972,0,178,512,8,15,763
791,47,5,5,5,5,5,2180,1056,false,219216,363,972,0,151,331,6,13,551
792,47,5,5,5,5,5,2180,1056,false,219216,363,972,0,153,309,6,12,528
793,47,5,5,5,5,5,2180,1056,false,219216,363,972,0,129,330,4,10,527
794,47,5,5,5,5,5,2180,1056,false,219216,363,972,0,140,363,5,11,570
795,47,5,5,5,5,5,2180,1056,false,219216,363,972,0,145,379,6,12,592
796,47,5,5,5,5,5,2180,1056,false,219216,363,972,0,146,386,5,12,601
797,0,5,5,5,5,5,2180,1056,false,219216,363,972,0,154,0,5,11,174
798,47,5,5,5,5,5,2180,1056,false,219216,363,972,0,158,552,6,12,779
799,47,5,5,5,5,5,2180,1056,false,219216,363,972,0,127,316,5,10,507
800,47,5,5,5,5,5,2180,1056,false,219216,363,972,0,123,296,4,9,479
801,47,5,5,5,5,5,2180,1056,false,219216,363,972,0,138,327,4,9,527
802,47,5,5,5,5,5,2180,1056,false,219216,363,972,0,157,391,5,10,612
803,47,5,5,5,5,5,2180,1056,false,219216,363,972,0,124,327,4,11,514
804,47,5,5,5,5,5,2180,1056,false,219216,363,972,0,118,300,3,8,477
805,47,5,5,5,5,5,2180,1056,false,219216,363,972,0,111,296,3,9,466
806,47,5,5,5,5,5,2180,1056,false,219216,363,972,0,137,374,4,10,572
807,47,5,5,5,5,5,2180,1056,false,219216,363,972,0,170,380,4,9,610
808,47,5,5,5,5,5,2180,1056,false,219216,363,972,0,165,406,5,11,636
809,47,5,5,5,5,5,2180,1056,false,219216,363,972,0,149,370,5,12,585
810,47,5,5,5,5,5,2180,1056,false,219216,363,972,0,134,307,4,10,504
811,47,5,5,5,5,5,2180,1056,false,219216,363,972,0,135,331,3,10,526
812,47,5,5,5,5,5,2180,1056,false,219216,363,972,0,153,405,5,10,619
813,47,5,5,5,5,5,2180,1056,false,219216,363,972,0,127,294,3,9,482
814,0,5,5,5,5,5,2180,1056,false,219216,363,972,0,144,0,5,10,162
815,47,5,5,5,5,5,2180,1056,false,219216,363,972,0,120,363,3,9,543
816,47,5,5,5,5,5,2180,1056,false,219216,363,972,0,121,292,3,9,471
817,47,5,5,5,5,5,2180,1056,false,219216,363,972,0,144,403,4,10,610
818,47,5,5,5,5,5,2180,1056,false,219216,363,972,0,146,378,10,10,594
819,47,5,5,5,5,5,2180,1056,false,219216,363,972,0,140,378,4,11,584
820,47,5,5,5,5,5,2180,1056,false,219216,363,972,0,153,418,4,11,635
821,47,5,5,5,5,5,2180,1056,false,219216,363,972,0,151,423,5,12,643
822,47,5,5,5,5,5,2180,1056,false,219216,363,972,0,158,416,5,11,637
823,47,5,5,5,5,5,2180,1056,false,219216,363,972,0,130,303,4,9,493
824,47,5,5,5,5,5,2180,1056,false,219216,363,972,0,153,415,6,12,640
825,0,5,5,5,5,5,2180,1056,false,219216,363,972,0,141,0,5,10,160
826,0,5,5,5,5,5,2180,1056,false,219216,363,972,0,143,0,6,12,164
827,47,5,5,5,5,5,2180,1056,false,219216,363,972,0,171,748,8,16,1005
828,47,5,5,5,5,5,2180,1056,false,219216,363,972,0,175,400,5,12,653
829,47,5,5,5,5,5,2180,1056,false,219216,363,972,0,144,353,4,10,571
830,47,5,5,5,5,5,2180,1056,false,219216,363,972,0,140,328,4,9,540
831,0,5,5,5,5,5,2180,1056,false,219216,363,972,0,141,0,4,9,158
832,47,5,5,5,5,5,2180,1056,false,219216,363,972,0,178,490,6,13,749
833,47,5,5,5,5,5,2180,1056,false,219216,363,972,0,164,412,5,12,652
834,47,5,5,5,5,5,2180,1056,false,219216,363,972,0,179,426,6,13,687
835,0,5,5,5,5,5,2180,1056,false,219216,363,972,0,166,0,5,11,186
836,47,5,5,5,5,5,2180,1056,false,219216,363,972,0,175,482,5,12,738
837,47,5,5,5,5,5,2180,1056,false,219216,363,972,0,149,392,7,14,621
838,47,5,5,5,5,5,2180,1056,false,219216,363,972,0,149,365,5,10,583
839,47,5,5,5,5,5,2180,1056,false,219216,363,972,0,125,315,4,10,516
840,47,5,5,5,5,5,2180,1056,false,219216,363,972,0,180,367,5,12,615
841,47,5,5,5,5,5,2180,1056,false,219216,363,972,0,165,434,5,11,664
842,47,5,5,5,5,5,2180,1056,false,219216,363,972,0,164,402,5,11,631
843,47,5,5,5,5,5,2180,1056,false,219216,363,972,0,204,428,6,13,703
844,47,5,5,5,5,5,2180,1056,false,219216,363,972,0,161,394,6,11,625
845,47,5,5,5,5,5,2180,1056,false,219216,363,972,0,151,348,4,12,565
846,47,5,5,5,5,5,2180,1056,false,219216,363,972,0,186,405,11,13,662
847,47,5,5,5,5,5,2180,1056,false,219216,363,972,0,158,382,5,11,606
848,47,5,5,5,5,5,2180,1056,false,219216,363,972,0,151,322,4,10,543
849,0,5,5,5,5,5,2180,1056,false,219216,363,972,0,144,0,4,10,163
850,47,5,5,5,5,5,2180,1056,false,219216,363,972,0,127,349,4,9,538
851,47,5,5,5,5,5,2180,1056,false,219216,363,972,0,129,316,4,10,506
852,47,5,5,5,5,5,2180,1056,false,219216,363,972,0,172,427,6,12,667
853,47,5,5,5,5,5,2180,1056,false,219216,363,972,0,151,421,6,13,642
854,47,5,5,5,5,5,2180,1056,false,219216,363,972,0,149,402,6,12,620
855,47,5,5,5,5,5,2180,1056,false,219216,363,972,0,137,368,6,12,570
856,47,5,5,5,5,5,2180,1056,false,219216,363,972,0,171,472,7,14,715
857,47,5,5,5,5,5,2180,1056,false,219216,363,972,0,327,535,8,16,953
858,47,5,5,5,5,5,2180,1056,false,219216,363,972,0,185,393,6,13,664
859,0,5,5,5,5,5,2180,1056,false,219216,363,972,0,160,0,5,17,187
860,47,5,5,5,5,5,2180,1056,false,219216,363,972,0,148,475,4,11,697
861,47,5,5,5,5,5,2180,1056,false,219216,363,972,0,177,488,7,14,749
862,47,5,5,5,5,5,2180,1056,false,219216,363,972,0,164,379,5,12,622
863,47,5,5,5,5,5,2180,1056,false,219216,363,972,0,158,380,4,11,617
864,0,5,5,5,5,5,2180,1056,false,219216,363,972,0,157,0,4,10,176
865,47,5,5,5,5,5,2180,1056,false,219216,363,972,0,160,452,6,13,694
866,0,5,5,5,5,5,2180,1056,false,219216,363,972,0,152,0,4,10,171
867,47,5,5,5,5,5,2180,1056,false,219216,363,972,0,132,411,4,10,617
868,0,5,5,5,5,5,2180,1056,false,219216,363,972,0,143,0,4,9,160
869,0,5,5,5,5,5,2180,1056,false,219216,363,972,0,163,0,3,8,178
870,47,5,5,5,5,5,2180,1056,false,219216,363,972,0,150,433,4,9,661
871,47,5,5,5,5,5,2180,1056,false,219216,363,972,0,141,357,4,10,575
872,0,5,5,5,5,5,2180,1056,false,219216,363,972,0,169,0,4,10,187
873,47,5,5,5,5,5,2180,1056,false,219216,363,972,0,145,456,4,9,684
874,47,5,5,5,5,5,2180,1056,false,219216,363,972,0,156,386,4,10,623
875,47,5,5,5,5,5,2180,1056,false,219216,363,972,0,151,381,4,10,614
876,0,5,5,5,5,5,2180,1056,false,219216,363,972,0,188,0,6,13,212
877,47,5,5,5,5,5,2180,1056,false,219216,363,972,0,144,500,4,11,722
878,47,5,5,5,5,5,2180,1056,false,219216,363,972,0,159,411,4,11,644
879,47,5,5,5,5,5,2180,1056,false,219216,363,972,0,138,320,3,9,526
880,47,5,5,5,5,5,2180,1056,false,219216,363,972,0,141,361,3,10,570
881,47,5,5,5,5,5,2180,1056,false,219216,363,972,0,147,338,4,10,560
882,0,5,5,5,5,5,2180,1056,false,219216,363,972,0,143,0,3,9,160
883,47,5,5,5,5,5,2180,1056,false,219216,363,972,0,203,562,9,16,854
884,0,5,5,5,5,5,2180,1056,false,219216,363,972,0,164,0,5,11,184
885,47,5,5,5,5,5,2180,1056,false,219216,363,972,0,155,512,6,13,742
886,47,5,5,5,5,5,2180,1056,false,219216,363,972,0,153,372,4,9,591
887,0,5,5,5,5,5,2180,1056,false,219216,363,972,0,171,0,7,12,194
888,47,5,5,5,5,5,2180,1056,false,219216,363,972,0,159,478,6,12,706
889,47,5,5,5,5,5,2180,1056,false,219216,363,972,0,154,424,5,12,642
890,47,5,5,5,5,5,2180,1056,false,219216,363,972,0,186,480,6,13,738
891,47,5,5,5,5,5,2180,1056,false,219216,363,972,0,189,503,7,14,764
892,47,5,5,5,5,5,2180,1056,false,219216,363,972,0,188,487,6,19,752
893,47,5,5,5,5,5,2180,1056,false,219216,363,972,0,185,470,6,12,724
894,47,5,5,5,5,5,2180,1056,false,219216,363,972,0,170,365,5,11,600
895,0,5,5,5,5,5,2180,1056,false,219216,363,972,0,140,0,5,10,158
896,47,5,5,5,5,5,2180,1056,false,219216,363,972,0,150,466,5,12,685
897,47,5,5,5,5,5,2180,1056,false,219216,363,972,0,176,449,6,14,697
